timestamp,image_name,jerk,gyro_mag,trigger_reason
1780239218643,keyframe_1780239218643.jpg,3332.3586,0.41330278,sudden_movement
1780239219154,keyframe_1780239219154.jpg,178.29417,0.19258969,sudden_movement
1780239219669,keyframe_1780239219669.jpg,683.73486,0.44795623,sudden_movement
1780239220185,keyframe_1780239220185.jpg,410.9087,0.26740327,sudden_movement
1780239220700,keyframe_1780239220700.jpg,129.32872,0.35443437,sudden_movement
1780239221214,keyframe_1780239221214.jpg,10.257945,0.3281393,sudden_movement
1780239221730,keyframe_1780239221730.jpg,24.458883,0.5980041,high_motion_transition
1780239222245,keyframe_1780239222245.jpg,74.71371,0.2868343,sudden_movement
1780239222760,keyframe_1780239222760.jpg,22.38941,0.83612037,high_motion_transition
1780239223275,keyframe_1780239223275.jpg,449.54297,0.2865584,sudden_movement
1780239223790,keyframe_1780239223790.jpg,128.25584,0.58160585,high_motion_transition
1780239224305,keyframe_1780239224305.jpg,64.52274,0.859299,high_motion_transition
1780239224820,keyframe_1780239224820.jpg,96.309654,0.24245216,sudden_movement
1780239225355,keyframe_1780239225355.jpg,144.70863,0.055690788,sudden_movement
1780239225908,keyframe_1780239225908.jpg,101.49097,0.028946342,sudden_movement
1780239226442,keyframe_1780239226442.jpg,80.49201,0.18157227,sudden_movement
1780239226957,keyframe_1780239226957.jpg,0.0,1.0543927,turn_detected
1780239227472,keyframe_1780239227472.jpg,51.539417,0.7304438,high_motion_transition
1780239227987,keyframe_1780239227987.jpg,92.41866,0.21290322,sudden_movement
1780239228502,keyframe_1780239228502.jpg,92.71621,0.31434786,sudden_movement
1780239229018,keyframe_1780239229018.jpg,35.59017,0.0893134,sudden_movement
1780239229552,keyframe_1780239229552.jpg,69.345474,0.24538621,sudden_movement
1780239230067,keyframe_1780239230067.jpg,11.42311,0.35470742,sudden_movement
1780239230582,keyframe_1780239230582.jpg,154.63448,0.61852366,high_motion_transition
1780239231097,keyframe_1780239231097.jpg,122.56717,0.6653052,high_motion_transition
1780239231612,keyframe_1780239231612.jpg,14.6865835,0.72458994,high_motion_transition
1780239232124,keyframe_1780239232124.jpg,111.262314,0.6670198,high_motion_transition
1780239232643,keyframe_1780239232643.jpg,14.725876,0.2193987,sudden_movement
1780239233158,keyframe_1780239233158.jpg,228.2257,0.65768653,high_motion_transition
1780239233673,keyframe_1780239233673.jpg,170.44066,0.4027974,sudden_movement
1780239234188,keyframe_1780239234188.jpg,87.723724,0.7144862,high_motion_transition
1780239234702,keyframe_1780239234702.jpg,55.107113,0.26354674,sudden_movement
1780239235276,keyframe_1780239235276.jpg,70.178986,0.52312404,high_motion_transition
1780239235810,keyframe_1780239235810.jpg,42.518612,0.50105655,high_motion_transition
1780239236344,keyframe_1780239236344.jpg,64.00585,0.25258335,sudden_movement
1780239236878,keyframe_1780239236878.jpg,151.46828,0.22898956,sudden_movement
1780239237393,keyframe_1780239237393.jpg,18.196106,0.2506615,sudden_movement
1780239237909,keyframe_1780239237909.jpg,16.432762,0.34726858,sudden_movement
1780239238443,keyframe_1780239238443.jpg,87.72086,0.090603895,sudden_movement
1780239239014,keyframe_1780239239014.jpg,14.703452,0.47012913,sudden_movement
1780239239530,keyframe_1780239239530.jpg,79.53644,0.06385925,sudden_movement
1780239240064,keyframe_1780239240064.jpg,143.15318,0.24230196,sudden_movement
1780239240618,keyframe_1780239240618.jpg,84.52796,0.38005993,sudden_movement
1780239241132,keyframe_1780239241132.jpg,0.0,1.5368026,turn_detected
1780239241638,keyframe_1780239241638.jpg,0.0,1.1086075,turn_detected
1780239242144,keyframe_1780239242144.jpg,265.50195,0.6621138,high_motion_transition
1780239242678,keyframe_1780239242678.jpg,11.7349615,0.06956166,sudden_movement
1780239243193,keyframe_1780239243193.jpg,109.6239,0.22973293,sudden_movement
1780239243709,keyframe_1780239243709.jpg,60.402866,0.06414492,sudden_movement
1780239244242,keyframe_1780239244242.jpg,32.83596,0.4297454,sudden_movement
1780239244757,keyframe_1780239244757.jpg,140.35034,0.1022121,sudden_movement
1780239245272,keyframe_1780239245272.jpg,209.27524,0.17922868,sudden_movement
1780239245788,keyframe_1780239245788.jpg,154.34741,0.38422683,sudden_movement
1780239246341,keyframe_1780239246341.jpg,411.6373,0.2257836,sudden_movement
1780239246894,keyframe_1780239246894.jpg,149.5409,0.21974625,sudden_movement
1780239247409,keyframe_1780239247409.jpg,172.3728,0.25900367,sudden_movement
1780239247924,keyframe_1780239247924.jpg,200.18481,0.25874665,sudden_movement
1780239248439,keyframe_1780239248439.jpg,86.52591,0.34710386,sudden_movement
1780239249012,keyframe_1780239249012.jpg,261.7693,0.38039446,sudden_movement
1780239249565,keyframe_1780239249565.jpg,282.51932,0.39631513,sudden_movement
1780239250080,keyframe_1780239250080.jpg,116.67251,0.16737542,sudden_movement
1780239250614,keyframe_1780239250614.jpg,288.91656,0.50568986,high_motion_transition
1780239251168,keyframe_1780239251168.jpg,40.723797,0.35506213,sudden_movement
1780239251683,keyframe_1780239251683.jpg,35.182953,0.31479752,sudden_movement
1780239252199,keyframe_1780239252199.jpg,36.05175,0.14823894,sudden_movement
1780239252713,keyframe_1780239252713.jpg,290.5588,0.23834664,sudden_movement
1780239253228,keyframe_1780239253228.jpg,16.008377,0.31995296,sudden_movement
1780239253743,keyframe_1780239253743.jpg,321.43115,0.26330894,sudden_movement
1780239254278,keyframe_1780239254278.jpg,59.97991,0.14542918,sudden_movement
1780239254792,keyframe_1780239254792.jpg,20.166395,0.09071554,sudden_movement
1780239255327,keyframe_1780239255327.jpg,120.862,0.05922989,sudden_movement
1780239255861,keyframe_1780239255861.jpg,84.23995,0.08384598,sudden_movement
1780239256376,keyframe_1780239256376.jpg,40.17162,0.13713051,sudden_movement
1780239256891,keyframe_1780239256891.jpg,42.480465,0.33002123,sudden_movement
1780239257397,keyframe_1780239257397.jpg,0.0,1.1662879,turn_detected
1780239257898,keyframe_1780239257898.jpg,0.0,1.2767941,turn_detected
1780239258399,keyframe_1780239258399.jpg,72.06726,0.67176354,high_motion_transition
1780239258933,keyframe_1780239258933.jpg,70.731636,0.6680424,high_motion_transition
1780239259524,keyframe_1780239259524.jpg,24.383543,0.3429804,sudden_movement
1780239260040,keyframe_1780239260040.jpg,29.105185,0.23197648,sudden_movement
1780239260554,keyframe_1780239260554.jpg,44.003483,0.6134731,high_motion_transition
1780239261069,keyframe_1780239261069.jpg,457.79895,0.4574635,sudden_movement
1780239261603,keyframe_1780239261603.jpg,271.62552,0.13608472,sudden_movement
1780239262119,keyframe_1780239262119.jpg,197.11398,0.08230993,sudden_movement
1780239262671,keyframe_1780239262671.jpg,31.136806,0.31413808,sudden_movement
1780239263187,keyframe_1780239263187.jpg,187.81757,0.24964933,sudden_movement
1780239263702,keyframe_1780239263702.jpg,65.00912,0.40024367,sudden_movement
1780239264218,keyframe_1780239264218.jpg,49.0756,0.24817294,sudden_movement
1780239264732,keyframe_1780239264732.jpg,113.6856,0.39089602,sudden_movement
1780239265266,keyframe_1780239265266.jpg,80.389015,0.6109146,high_motion_transition
1780239265782,keyframe_1780239265782.jpg,120.00274,0.17159133,sudden_movement
1780239266335,keyframe_1780239266335.jpg,28.667448,0.014997474,sudden_movement
1780239266869,keyframe_1780239266869.jpg,47.95265,0.12805164,sudden_movement
1780239267384,keyframe_1780239267384.jpg,49.22199,0.22774778,sudden_movement
1780239267919,keyframe_1780239267919.jpg,123.99291,0.48598525,sudden_movement
1780239268433,keyframe_1780239268433.jpg,252.9993,0.48895502,sudden_movement
1780239268949,keyframe_1780239268949.jpg,46.810146,0.69248,high_motion_transition
1780239269483,keyframe_1780239269483.jpg,61.794277,0.30520934,sudden_movement
1780239269998,keyframe_1780239269998.jpg,168.06792,0.1754826,sudden_movement
1780239270513,keyframe_1780239270513.jpg,124.39727,0.3787936,sudden_movement
1780239271028,keyframe_1780239271028.jpg,70.7531,0.82875866,high_motion_transition
1780239271543,keyframe_1780239271543.jpg,34.46293,0.13813363,sudden_movement
1780239272060,keyframe_1780239272060.jpg,43.475147,0.14653547,sudden_movement
1780239272592,keyframe_1780239272592.jpg,12.159538,0.17307638,sudden_movement
1780239273108,keyframe_1780239273108.jpg,98.93035,0.06005066,sudden_movement
1780239273623,keyframe_1780239273623.jpg,200.89816,0.18816914,sudden_movement
1780239274157,keyframe_1780239274157.jpg,101.58824,0.89209527,high_motion_transition
1780239274671,keyframe_1780239274671.jpg,0.0,1.8244352,turn_detected
1780239275178,keyframe_1780239275178.jpg,0.0,1.1676139,turn_detected
1780239275683,keyframe_1780239275683.jpg,66.94698,0.36806676,sudden_movement
1780239276218,keyframe_1780239276218.jpg,287.7407,0.42095658,sudden_movement
1780239276771,keyframe_1780239276771.jpg,135.35976,0.364541,sudden_movement
1780239277286,keyframe_1780239277286.jpg,249.78064,0.4322574,sudden_movement
1780239277801,keyframe_1780239277801.jpg,141.99733,0.31670436,sudden_movement
1780239278316,keyframe_1780239278316.jpg,78.336716,0.21252398,sudden_movement
1780239278831,keyframe_1780239278831.jpg,188.85135,0.20746554,sudden_movement
1780239279346,keyframe_1780239279346.jpg,294.82745,0.5234435,high_motion_transition
1780239279862,keyframe_1780239279862.jpg,166.14865,0.48860955,sudden_movement
1780239280414,keyframe_1780239280414.jpg,10.233206,0.30089518,sudden_movement
1780239280930,keyframe_1780239280930.jpg,61.251637,0.31281027,sudden_movement
1780239281445,keyframe_1780239281445.jpg,105.40485,0.44724026,sudden_movement
1780239281960,keyframe_1780239281960.jpg,394.51596,0.46188977,sudden_movement
1780239282475,keyframe_1780239282475.jpg,51.74255,0.06826214,sudden_movement
1780239283009,keyframe_1780239283009.jpg,100.24833,0.04282437,sudden_movement
1780239283563,keyframe_1780239283563.jpg,42.85812,0.054538593,sudden_movement
1780239284097,keyframe_1780239284097.jpg,258.93686,0.06904073,sudden_movement
1780239284612,keyframe_1780239284612.jpg,34.5726,0.22880587,sudden_movement
1780239285146,keyframe_1780239285146.jpg,36.010742,0.25467333,sudden_movement
1780239285660,keyframe_1780239285660.jpg,168.54475,0.24527794,sudden_movement
1780239286176,keyframe_1780239286176.jpg,632.8687,0.62425286,high_motion_transition
1780239286711,keyframe_1780239286711.jpg,141.93344,0.5365525,high_motion_transition
1780239287218,keyframe_1780239287218.jpg,0.0,1.1288618,turn_detected
1780239287723,keyframe_1780239287723.jpg,212.84674,0.6976578,high_motion_transition
1780239288256,keyframe_1780239288256.jpg,50.733562,0.35139146,sudden_movement
1780239288790,keyframe_1780239288790.jpg,202.92377,0.3148063,sudden_movement
1780239289304,keyframe_1780239289304.jpg,0.0,1.0363313,turn_detected
1780239289839,keyframe_1780239289839.jpg,148.5424,0.76705986,high_motion_transition
1780239290355,keyframe_1780239290355.jpg,95.11184,0.9384305,high_motion_transition
1780239290870,keyframe_1780239290870.jpg,444.69165,0.31076938,sudden_movement
1780239291385,keyframe_1780239291385.jpg,200.46614,0.4688353,sudden_movement
1780239291900,keyframe_1780239291900.jpg,82.345,0.5177519,high_motion_transition
1780239292415,keyframe_1780239292415.jpg,28.609274,0.32738632,sudden_movement
1780239292930,keyframe_1780239292930.jpg,43.94531,0.19501883,sudden_movement
1780239293445,keyframe_1780239293445.jpg,17.60006,0.03990566,sudden_movement
1780239293960,keyframe_1780239293960.jpg,76.00212,0.070109315,sudden_movement
1780239294475,keyframe_1780239294475.jpg,40.02285,0.033307545,sudden_movement
1780239295029,keyframe_1780239295029.jpg,18.292427,0.081352085,sudden_movement
1780239295544,keyframe_1780239295544.jpg,113.250725,0.17103961,sudden_movement
1780239296060,keyframe_1780239296060.jpg,71.19465,0.33592433,sudden_movement
1780239296574,keyframe_1780239296574.jpg,270.54977,0.12490974,sudden_movement
